,Factor,p_value,p_adj,method
0,Factor1,0.4751147946154338,0.7601836713846941,Kruskal-Wallis test
1,Factor2,0.4387372041776798,0.7601836713846941,Kruskal-Wallis test
2,Factor3,0.9846989223517669,0.9846989223517669,Kruskal-Wallis test
3,Factor4,0.0002010745397782254,0.0005361987727419345,Kruskal-Wallis test
4,Factor5,1.5294217949741703e-06,1.2235374359793362e-05,Kruskal-Wallis test
5,Factor6,8.256767239499111e-06,3.3027068957996445e-05,Kruskal-Wallis test
6,Factor7,0.9047542433553573,0.9846989223517669,Kruskal-Wallis test
7,Factor8,0.5716982869416614,0.7622643825888819,Kruskal-Wallis test
